{
    "providers": [
        {
            "type": "bitmap",
            "file": "minecraft:custom/admin.png",
            "ascent": 9,
            "height": 9,
            "chars": ["\uE000"]
        },
        {
            "type": "bitmap",
            "file": "minecraft:custom/resp.png",
            "ascent": 9,
            "height": 9,
            "chars": ["\uE001"]
        },
        {
            "type": "bitmap",
            "file": "minecraft:custom/modo.png",
            "ascent": 9,
            "height": 9,
            "chars": ["\uE002"]
        },
        {
            "type": "bitmap",
            "file": "minecraft:custom/guide.png",
            "ascent": 9,
            "height": 9,
            "chars": ["\uE003"]
        },
        {
            "type": "bitmap",
            "file": "minecraft:custom/dev.png",
            "ascent": 9,
            "height": 9,
            "chars": ["\uE004"]
        },
        {
            "type": "bitmap",
            "file": "minecraft:custom/builder.png",
            "ascent": 9,
            "height": 9,
            "chars": ["\uE005"]
        },
        {
            "type": "bitmap",
            "file": "minecraft:custom/mvp.png",
            "ascent": 9,
            "height": 9,
            "chars": ["\uE006"]
        },
        {
            "type": "bitmap",
            "file": "minecraft:custom/vip+.png",
            "ascent": 9,
            "height": 9,
            "chars": ["\uE007"]
        },
        {
            "type": "bitmap",
            "file": "minecraft:custom/vip.png",
            "ascent": 9,
            "height": 9,
            "chars": ["\uE008"]
        },
        {
            "type": "bitmap",
            "file": "minecraft:custom/joueur.png",
            "ascent": 9,
            "height": 9,
            "chars": ["\uE009"]
        }
    ]
}